model_id,rule,scope,psr,ci_low,ci_high,draw_p2_5,draw_p97_5,n_tasks,n_draws,seed
qwen3-14b,first_valid,overall,0.3833333333333333,0.29999999999999993,0.4666666666666666,,,5,,20260909
qwen3-14b,shortest_valid,overall,0.3833333333333333,0.29999999999999993,0.4666666666666666,,,5,,20260909
qwen3-14b,random_valid,overall,0.3833333333333332,0.29999999999999993,0.4666666666666666,0.3833333333333333,0.3833333333333333,5,1000.0,20260909
qwen3-14b,all_valid_mean,overall,0.3833333333333333,0.29999999999999993,0.4666666666666666,,,5,,20260909
qwen3-14b,best_valid_oracle,overall,0.3833333333333333,0.29999999999999993,0.4666666666666666,,,5,,20260909
qwen3-14b,worst_valid_oracle,overall,0.3833333333333333,0.29999999999999993,0.4666666666666666,,,5,,20260909
qwen3-14b,first_valid,S,0.0,0.0,0.0,,,5,,20260909
qwen3-14b,shortest_valid,S,0.0,0.0,0.0,,,5,,20260909
qwen3-14b,random_valid,S,0.0,0.0,0.0,0.0,0.0,5,1000.0,20260909
qwen3-14b,all_valid_mean,S,0.0,0.0,0.0,,,5,,20260909
qwen3-14b,best_valid_oracle,S,0.0,0.0,0.0,,,5,,20260909
qwen3-14b,worst_valid_oracle,S,0.0,0.0,0.0,,,5,,20260909
qwen3-14b,first_valid,E,0.25,0.0,0.75,,,4,,20260909
qwen3-14b,shortest_valid,E,0.25,0.0,0.75,,,4,,20260909
qwen3-14b,random_valid,E,0.25,0.0,0.75,0.25,0.25,4,1000.0,20260909
qwen3-14b,all_valid_mean,E,0.25,0.0,0.75,,,4,,20260909
qwen3-14b,best_valid_oracle,E,0.25,0.0,0.75,,,4,,20260909
qwen3-14b,worst_valid_oracle,E,0.25,0.0,0.75,,,4,,20260909
qwen3-32b,first_valid,overall,0.5833333333333333,0.36666666666666664,0.8166666666666668,,,5,,20260909
qwen3-32b,shortest_valid,overall,0.5833333333333333,0.36666666666666664,0.8166666666666668,,,5,,20260909
qwen3-32b,random_valid,overall,0.5833333333333333,0.36666666666666664,0.8166666666666668,0.5833333333333333,0.5833333333333333,5,1000.0,20260909
qwen3-32b,all_valid_mean,overall,0.5833333333333333,0.36666666666666664,0.8166666666666668,,,5,,20260909
qwen3-32b,best_valid_oracle,overall,0.5833333333333333,0.36666666666666664,0.8166666666666668,,,5,,20260909
qwen3-32b,worst_valid_oracle,overall,0.5833333333333333,0.36666666666666664,0.8166666666666668,,,5,,20260909
qwen3-32b,first_valid,S,0.3,0.0,0.7,,,5,,20260909
qwen3-32b,shortest_valid,S,0.3,0.0,0.7,,,5,,20260909
qwen3-32b,random_valid,S,0.2999999999999999,0.0,0.7,0.3,0.3,5,1000.0,20260909
qwen3-32b,all_valid_mean,S,0.3,0.0,0.7,,,5,,20260909
qwen3-32b,best_valid_oracle,S,0.3,0.0,0.7,,,5,,20260909
qwen3-32b,worst_valid_oracle,S,0.3,0.0,0.7,,,5,,20260909
qwen3-32b,first_valid,E,0.3333333333333333,0.0,1.0,,,3,,20260909
qwen3-32b,shortest_valid,E,0.3333333333333333,0.0,1.0,,,3,,20260909
qwen3-32b,random_valid,E,0.33333333333333326,0.0,1.0,0.3333333333333333,0.3333333333333333,3,1000.0,20260909
qwen3-32b,all_valid_mean,E,0.3333333333333333,0.0,1.0,,,3,,20260909
qwen3-32b,best_valid_oracle,E,0.3333333333333333,0.0,1.0,,,3,,20260909
qwen3-32b,worst_valid_oracle,E,0.3333333333333333,0.0,1.0,,,3,,20260909
goedel-prover-v2-8b,first_valid,overall,0.6461412151067324,0.5767651888341543,0.7183908045977011,,,29,,20260909
goedel-prover-v2-8b,shortest_valid,overall,0.6539408866995075,0.5862068965517241,0.7229064039408868,,,29,,20260909
goedel-prover-v2-8b,random_valid,overall,0.6443296387520526,0.585591133004926,0.706569170771757,0.6067323481116584,0.676929392446634,29,1000.0,20260909
goedel-prover-v2-8b,all_valid_mean,overall,0.6446428571428571,0.585591133004926,0.706569170771757,,,29,,20260909
goedel-prover-v2-8b,best_valid_oracle,overall,0.6970443349753694,0.6293103448275861,0.7660098522167487,,,29,,20260909
goedel-prover-v2-8b,worst_valid_oracle,overall,0.566502463054187,0.5028735632183907,0.6379310344827587,,,29,,20260909
goedel-prover-v2-8b,first_valid,S,0.26785714285714285,0.10714285714285714,0.42857142857142855,,,28,,20260909
goedel-prover-v2-8b,shortest_valid,S,0.23214285714285715,0.08928571428571429,0.39285714285714285,,,28,,20260909
goedel-prover-v2-8b,random_valid,S,0.25058928571428574,0.13094494047619046,0.3863169642857142,0.16071428571428573,0.3397321428571425,28,1000.0,20260909
goedel-prover-v2-8b,all_valid_mean,S,0.2526785714285714,0.13094494047619046,0.3863169642857142,,,28,,20260909
goedel-prover-v2-8b,best_valid_oracle,S,0.39285714285714285,0.21428571428571427,0.5714285714285714,,,28,,20260909
goedel-prover-v2-8b,worst_valid_oracle,S,0.07142857142857142,0.0,0.17857142857142858,,,28,,20260909
goedel-prover-v2-8b,first_valid,E,0.7236842105263158,0.5131578947368421,0.8947368421052632,,,19,,20260909
goedel-prover-v2-8b,shortest_valid,E,0.8421052631578947,0.6842105263157895,1.0,,,19,,20260909
goedel-prover-v2-8b,random_valid,E,0.7521710526315789,0.6054769736842106,0.8811458333333333,0.6228070175438596,0.881578947368421,19,1000.0,20260909
goedel-prover-v2-8b,all_valid_mean,E,0.7524122807017545,0.6054769736842106,0.8811458333333333,,,19,,20260909
goedel-prover-v2-8b,best_valid_oracle,E,0.9473684210526315,0.8421052631578947,1.0,,,19,,20260909
goedel-prover-v2-8b,worst_valid_oracle,E,0.5175438596491228,0.29824561403508776,0.7280701754385964,,,19,,20260909
goedel-prover-v2-32b,first_valid,overall,0.6446886446886446,0.5645604395604396,0.7275641025641026,,,26,,20260909
goedel-prover-v2-32b,shortest_valid,overall,0.7005494505494506,0.6282051282051282,0.7747252747252749,,,26,,20260909
goedel-prover-v2-32b,random_valid,overall,0.6678882783882785,0.6089732142857143,0.7259157509157509,0.6190018315018313,0.7101648351648352,26,1000.0,20260909
goedel-prover-v2-32b,all_valid_mean,overall,0.6666208791208792,0.6089732142857143,0.7259157509157509,,,26,,20260909
goedel-prover-v2-32b,best_valid_oracle,overall,0.7614468864468864,0.7005494505494505,0.8241758241758241,,,26,,20260909
goedel-prover-v2-32b,worst_valid_oracle,overall,0.5549450549450549,0.4917582417582418,0.6254578754578753,,,26,,20260909
goedel-prover-v2-32b,first_valid,S,0.26,0.1,0.44,,,25,,20260909
goedel-prover-v2-32b,shortest_valid,S,0.38,0.2,0.56,,,25,,20260909
goedel-prover-v2-32b,random_valid,S,0.28562,0.172,0.41200000000000003,0.16,0.4,25,1000.0,20260909
goedel-prover-v2-32b,all_valid_mean,S,0.288,0.172,0.41200000000000003,,,25,,20260909
goedel-prover-v2-32b,best_valid_oracle,S,0.56,0.36,0.74,,,25,,20260909
goedel-prover-v2-32b,worst_valid_oracle,S,0.04,0.0,0.12,,,25,,20260909
goedel-prover-v2-32b,first_valid,E,0.6764705882352942,0.4411764705882353,0.8823529411764706,,,17,,20260909
goedel-prover-v2-32b,shortest_valid,E,0.7058823529411765,0.47058823529411764,0.8823529411764706,,,17,,20260909
goedel-prover-v2-32b,random_valid,E,0.7149411764705882,0.5735294117647058,0.8470588235294116,0.5588235294117647,0.8823529411764706,17,1000.0,20260909
goedel-prover-v2-32b,all_valid_mean,E,0.7147058823529412,0.5735294117647058,0.8470588235294116,,,17,,20260909
goedel-prover-v2-32b,best_valid_oracle,E,1.0,1.0,1.0,,,17,,20260909
goedel-prover-v2-32b,worst_valid_oracle,E,0.4411764705882353,0.20588235294117646,0.6764705882352942,,,17,,20260909
deepseek-prover-v2-7b,first_valid,overall,0.5929339477726575,0.5230414746543778,0.6666666666666666,,,31,,20260909
deepseek-prover-v2-7b,shortest_valid,overall,0.5579877112135176,0.510752688172043,0.6094470046082949,,,31,,20260909
deepseek-prover-v2-7b,random_valid,overall,0.5969923195084487,0.546505376344086,0.6484264592933948,0.5568356374807987,0.6359447004608295,31,1000.0,20260909
deepseek-prover-v2-7b,all_valid_mean,overall,0.5965437788018433,0.546505376344086,0.6484264592933948,,,31,,20260909
deepseek-prover-v2-7b,best_valid_oracle,overall,0.652073732718894,0.5867799539170506,0.717741935483871,,,31,,20260909
deepseek-prover-v2-7b,worst_valid_oracle,overall,0.5057603686635944,0.46505376344086025,0.5537634408602151,,,31,,20260909
deepseek-prover-v2-7b,first_valid,S,0.13333333333333333,0.03333333333333333,0.25,,,30,,20260909
deepseek-prover-v2-7b,shortest_valid,S,0.08333333333333333,0.0,0.18333333333333332,,,30,,20260909
deepseek-prover-v2-7b,random_valid,S,0.19288333333333332,0.10220833333333333,0.2916666666666667,0.1,0.3,30,1000.0,20260909
deepseek-prover-v2-7b,all_valid_mean,S,0.19277777777777774,0.10220833333333333,0.2916666666666667,,,30,,20260909
deepseek-prover-v2-7b,best_valid_oracle,S,0.4,0.23333333333333334,0.5666666666666667,,,30,,20260909
deepseek-prover-v2-7b,worst_valid_oracle,S,0.0,0.0,0.0,,,30,,20260909
deepseek-prover-v2-7b,first_valid,E,0.7222222222222222,0.5,0.8888888888888888,,,18,,20260909
deepseek-prover-v2-7b,shortest_valid,E,0.7222222222222222,0.5,0.8888888888888888,,,18,,20260909
deepseek-prover-v2-7b,random_valid,E,0.6958333333333333,0.5055555555555555,0.8638888888888889,0.6111111111111112,0.7777777777777778,18,1000.0,20260909
deepseek-prover-v2-7b,all_valid_mean,E,0.6944444444444444,0.5055555555555555,0.8638888888888889,,,18,,20260909
deepseek-prover-v2-7b,best_valid_oracle,E,0.8333333333333334,0.6666666666666666,1.0,,,18,,20260909
deepseek-prover-v2-7b,worst_valid_oracle,E,0.5,0.2777777777777778,0.7222222222222222,,,18,,20260909
