task_id,tier,function_name,n_parameters,parameters,return_type,proof_block_nonempty,contains_sorry_in_proof,has_reference_proof_text,original_compiles,original_compile_seconds,original_error_category,has_reference_proof,code_loc,code_aux_loc,proof_loc,proof_aux_loc,precond_is_true,spec_hash,proof_hash,code_has_termination_by,code_has_where,code_has_do,code_has_let_rec,code_first_token,task_has_upstream_axioms
verina_advanced_1,advanced,FindSingleNumber,1,"[{""param_name"": ""nums"", ""param_type"": ""List Int""}]",Int,True,True,False,True,1.584,,False,14,0,1,0,False,2d578cc1a2597ff416983309b7410b9d51faaf4e2a2f0a13d9263b77f53facdb,aba5987295c6bf8fd2e008fb639743d64fb6b0cf07b56834a4f615876ad812db,False,False,False,True,let,False
verina_advanced_2,advanced,LongestCommonSubsequence,2,"[{""param_name"": ""a"", ""param_type"": ""Array Int""}, {""param_name"": ""b"", ""param_type"": ""Array Int""}]",Int,True,True,False,True,1.67,,False,16,2,1,0,True,9f2781ed89e3b6199b117ea044a95bb25fd1d9db5a381dd6759cb144ecab9a74,aba5987295c6bf8fd2e008fb639743d64fb6b0cf07b56834a4f615876ad812db,False,False,True,False,let,False
verina_advanced_3,advanced,LongestCommonSubsequence,2,"[{""param_name"": ""a"", ""param_type"": ""Array Int""}, {""param_name"": ""b"", ""param_type"": ""Array Int""}]",Int,True,True,False,True,1.67,,False,16,2,1,0,True,9f2781ed89e3b6199b117ea044a95bb25fd1d9db5a381dd6759cb144ecab9a74,aba5987295c6bf8fd2e008fb639743d64fb6b0cf07b56834a4f615876ad812db,False,False,True,False,let,False
verina_advanced_4,advanced,LongestIncreasingSubsequence,1,"[{""param_name"": ""a"", ""param_type"": ""Array Int""}]",Int,True,True,False,True,32.237,,False,12,2,1,0,True,ad19cd250c7f1139c9c52d57007fcd1d92222c4e1b2c3cbc8e6065440afc6ec5,aba5987295c6bf8fd2e008fb639743d64fb6b0cf07b56834a4f615876ad812db,False,False,True,False,let,False
verina_advanced_5,advanced,addTwoNumbers,2,"[{""param_name"": ""l1"", ""param_type"": ""List Nat""}, {""param_name"": ""l2"", ""param_type"": ""List Nat""}]",List Nat,True,True,False,True,2.163,,False,14,0,1,0,False,414f6d7107968224f19a7527f9535ca233ccd8231f78acbd00adf9fdf7060287,aba5987295c6bf8fd2e008fb639743d64fb6b0cf07b56834a4f615876ad812db,False,False,False,True,let,False
verina_advanced_6,advanced,allVowels,1,"[{""param_name"": ""s"", ""param_type"": ""String""}]",Bool,True,True,False,True,1.562,,False,3,0,1,0,True,93554fe415ccfb4d51b92405c5220441d6f97b9748a3f5b58430bf14bbc39d6c,aba5987295c6bf8fd2e008fb639743d64fb6b0cf07b56834a4f615876ad812db,False,False,False,False,let,False
verina_advanced_7,advanced,binaryToDecimal,1,"[{""param_name"": ""digits"", ""param_type"": ""List Nat""}]",Nat,True,True,False,True,1.559,,False,5,0,1,0,False,4fa756aa4ac34cb9fbdbca03bfe86790e05f5ffd665d8af6980b68263126e6bc,aba5987295c6bf8fd2e008fb639743d64fb6b0cf07b56834a4f615876ad812db,False,False,False,True,let,False
verina_advanced_8,advanced,canCompleteCircuit,2,"[{""param_name"": ""gas"", ""param_type"": ""List Int""}, {""param_name"": ""cost"", ""param_type"": ""List Int""}]",Int,True,True,False,True,1.664,,False,26,0,1,0,False,e38ecef58d8b43d59ec2633fe9817e8d829055b6b2b37028f1598f138587fde6,aba5987295c6bf8fd2e008fb639743d64fb6b0cf07b56834a4f615876ad812db,False,False,False,True,let,False
verina_advanced_9,advanced,countSumDivisibleBy,2,"[{""param_name"": ""n"", ""param_type"": ""Nat""}, {""param_name"": ""d"", ""param_type"": ""Nat""}]",Nat,True,True,False,True,1.805,,False,7,2,1,0,False,cd37a69eeba048e7cf4c3d808be161d42b0001db0287180ebdfa0acdb0ef2f87,aba5987295c6bf8fd2e008fb639743d64fb6b0cf07b56834a4f615876ad812db,False,False,False,True,let,False
verina_advanced_10,advanced,findExponents,2,"[{""param_name"": ""n"", ""param_type"": ""Nat""}, {""param_name"": ""primes"", ""param_type"": ""List Nat""}]",List (Nat × Nat),True,True,False,True,8.98,,False,23,0,1,0,False,76b8c7259a17be91bb961a9f8c8da837109a9f65838377feb62adb9a5cea61b0,aba5987295c6bf8fd2e008fb639743d64fb6b0cf07b56834a4f615876ad812db,True,True,False,True,let,False
verina_advanced_11,advanced,findMajorityElement,1,"[{""param_name"": ""lst"", ""param_type"": ""List Int""}]",Int,True,True,False,True,1.562,,False,5,2,1,0,True,b93990add5fba6400a0116f9c8100e0d042aeae23bf31b2ecf1aff3112d0d37e,aba5987295c6bf8fd2e008fb639743d64fb6b0cf07b56834a4f615876ad812db,False,False,False,False,let,False
verina_advanced_12,advanced,firstDuplicate,1,"[{""param_name"": ""lst"", ""param_type"": ""List Int""}]",Option Int,True,True,False,True,1.563,,False,5,0,1,0,True,81c8dccfbc5c9a28eae822235f1087c7d3cedc916814e844b423fea6bafc952e,aba5987295c6bf8fd2e008fb639743d64fb6b0cf07b56834a4f615876ad812db,False,False,False,True,let,False
verina_advanced_13,advanced,hasChordIntersection,2,"[{""param_name"": ""N"", ""param_type"": ""Nat""}, {""param_name"": ""chords"", ""param_type"": ""List (List Nat)""}]",Bool,True,True,False,True,1.77,,False,29,0,1,0,False,0253a4324880c0e845d5ca158befe907f561778b6aca9eaca961641d77d26f41,aba5987295c6bf8fd2e008fb639743d64fb6b0cf07b56834a4f615876ad812db,False,False,False,True,let,False
verina_advanced_14,advanced,ifPowerOfFour,1,"[{""param_name"": ""n"", ""param_type"": ""Nat""}]",Bool,True,True,False,True,1.782,,False,14,0,1,0,True,412892250c4ae602e9dd97b64f92ced3c6372f3c6d2fc0e635adc485a4f67238,aba5987295c6bf8fd2e008fb639743d64fb6b0cf07b56834a4f615876ad812db,False,False,False,True,let,False
verina_advanced_15,advanced,increasingTriplet,1,"[{""param_name"": ""nums"", ""param_type"": ""List Int""}]",Bool,True,True,False,True,1.589,,False,17,0,1,0,True,f70874c7acc5b758e9c47c3f9ba588a6384ca247526e1117f89ba80b6e774344,aba5987295c6bf8fd2e008fb639743d64fb6b0cf07b56834a4f615876ad812db,False,False,False,True,if,False
verina_advanced_16,advanced,insertionSort,1,"[{""param_name"": ""xs"", ""param_type"": ""List Int""}]",List Int,True,True,False,True,1.539,,False,13,0,1,0,True,dd575e135f8694d7e4b7b238d6806677912db73a587086b7df0f6a2166a678d3,aba5987295c6bf8fd2e008fb639743d64fb6b0cf07b56834a4f615876ad812db,False,False,False,True,let,False
verina_advanced_17,advanced,insertionSort,1,"[{""param_name"": ""l"", ""param_type"": ""List Int""}]",List Int,True,True,False,True,1.538,,False,2,13,1,0,True,12da64ff5baf459505f1eb5d21128096a69ce05143b53a79d1480a80f656e1e3,aba5987295c6bf8fd2e008fb639743d64fb6b0cf07b56834a4f615876ad812db,False,False,False,False,let,False
verina_advanced_18,advanced,isArmstrong,1,"[{""param_name"": ""n"", ""param_type"": ""Nat""}]",Bool,True,True,False,True,1.979,,False,2,7,1,0,True,67aab518dc103923fdfaa9e2e62794c2188ab7385c56fea9415df2696a36fa82,aba5987295c6bf8fd2e008fb639743d64fb6b0cf07b56834a4f615876ad812db,False,False,False,False,let,False
verina_advanced_19,advanced,isCleanPalindrome,1,"[{""param_name"": ""s"", ""param_type"": ""String""}]",Bool,True,True,False,True,1.561,,False,2,2,1,0,True,71916228388fac717b7d6fe143cfa1dc9c87981c9fee642c7895f06209ae1057,aba5987295c6bf8fd2e008fb639743d64fb6b0cf07b56834a4f615876ad812db,False,False,False,False,let,False
verina_advanced_20,advanced,isItEight,1,"[{""param_name"": ""n"", ""param_type"": ""Int""}]",Bool,True,True,False,True,1.698,,False,7,0,1,0,True,9afb9095bc3ef665cff12b40ec28e25e928309435b28dc409cf23fd6f3752532,aba5987295c6bf8fd2e008fb639743d64fb6b0cf07b56834a4f615876ad812db,True,False,False,True,let,False
verina_advanced_21,advanced,isPalindrome,1,"[{""param_name"": ""s"", ""param_type"": ""String""}]",Bool,True,True,False,True,1.821,,False,24,0,1,0,True,1be0f86c07217f451a5b6bcd03442f0f2a864092ffb371d42cbf8b53843688d0,aba5987295c6bf8fd2e008fb639743d64fb6b0cf07b56834a4f615876ad812db,False,False,False,True,let,False
verina_advanced_22,advanced,isPeakValley,1,"[{""param_name"": ""lst"", ""param_type"": ""List Int""}]",Bool,True,True,False,True,1.592,,False,12,0,1,0,True,973a0f0deceec01a3d35450c6464cfa6c9369476985657157ccd6c8d9eff7213,aba5987295c6bf8fd2e008fb639743d64fb6b0cf07b56834a4f615876ad812db,False,False,False,True,let,False
verina_advanced_23,advanced,isPowerOfTwo,1,"[{""param_name"": ""n"", ""param_type"": ""Int""}]",Bool,True,True,False,True,1.855,,False,8,0,1,0,True,1f8e33710662f4efeacc3edd42abb8df4d106ba50e23d30a53ef64b4aa473e4f,aba5987295c6bf8fd2e008fb639743d64fb6b0cf07b56834a4f615876ad812db,False,False,False,True,if,False
verina_advanced_24,advanced,lengthOfLIS,1,"[{""param_name"": ""nums"", ""param_type"": ""List Int""}]",Int,True,True,False,True,1.585,,False,8,0,1,0,True,e3ed1fb5b81c5c3d5b08416de2680c8778906badbf1879251f931520ed2efda2,aba5987295c6bf8fd2e008fb639743d64fb6b0cf07b56834a4f615876ad812db,False,False,False,True,let,False
verina_advanced_25,advanced,lengthOfLIS,1,"[{""param_name"": ""nums"", ""param_type"": ""List Int""}]",Nat,True,True,False,True,6.978,,False,10,2,1,0,True,6aa264058e65b43b72055082433d5669b38371fdcc573606de4c1f4b77f0ff91,aba5987295c6bf8fd2e008fb639743d64fb6b0cf07b56834a4f615876ad812db,False,False,True,False,if,False
verina_advanced_26,advanced,letterCombinations,1,"[{""param_name"": ""digits"", ""param_type"": ""String""}]",List String,True,True,False,True,1.309,,False,12,0,1,0,True,4613475a30681cbf69f94e6cadf63656d1bfaf7bfaca08e768c8e635300e1204,aba5987295c6bf8fd2e008fb639743d64fb6b0cf07b56834a4f615876ad812db,False,True,False,False,let,False
verina_advanced_27,advanced,longestCommonSubsequence,2,"[{""param_name"": ""s1"", ""param_type"": ""String""}, {""param_name"": ""s2"", ""param_type"": ""String""}]",String,True,True,False,True,1.553,,False,4,16,1,0,True,ccb26a91bdd8b42269f5b681f90e1a58870a8bc2efbabfe992aee6d6e3f77099,aba5987295c6bf8fd2e008fb639743d64fb6b0cf07b56834a4f615876ad812db,False,False,False,False,let,False
verina_advanced_28,advanced,longestConsecutive,1,"[{""param_name"": ""nums"", ""param_type"": ""List Int""}]",Nat,True,True,False,False,30.452,unknown_constant_or_identifier,False,17,0,1,0,False,cc515c6bfbcb785adcee22dcbf7a748f18d3d31bcdc60e7e2b9f19b3620a4576,aba5987295c6bf8fd2e008fb639743d64fb6b0cf07b56834a4f615876ad812db,False,False,True,False,Id.run,False
verina_advanced_29,advanced,longestGoodSubarray,2,"[{""param_name"": ""nums"", ""param_type"": ""List Nat""}, {""param_name"": ""k"", ""param_type"": ""Nat""}]",Nat,True,True,False,True,1.655,,False,22,0,1,0,False,3c75d920cc2ed446fc042f9f699f04804e4802123260f4205c07db788ffe695d,aba5987295c6bf8fd2e008fb639743d64fb6b0cf07b56834a4f615876ad812db,False,False,True,False,Id.run,False
verina_advanced_30,advanced,longestIncreasingStreak,1,"[{""param_name"": ""nums"", ""param_type"": ""List Int""}]",Nat,True,True,False,True,1.248,,False,10,0,1,0,True,b4f4c145ac748e44e908d8131fc2772d81fcef7e6aadea34f04b538fc5656010,aba5987295c6bf8fd2e008fb639743d64fb6b0cf07b56834a4f615876ad812db,False,False,False,True,let,False
verina_advanced_31,advanced,longestIncreasingSubseqLength,1,"[{""param_name"": ""xs"", ""param_type"": ""List Int""}]",Nat,True,True,False,True,6.903,,False,3,9,1,0,True,2bca1e4804bacc83c8c9ed5e1dfec6e15fddc53367053af48bfce0bc97e43c6c,aba5987295c6bf8fd2e008fb639743d64fb6b0cf07b56834a4f615876ad812db,False,False,False,False,let,False
verina_advanced_32,advanced,longestIncreasingSubsequence,1,"[{""param_name"": ""numbers"", ""param_type"": ""List Int""}]",Nat,True,True,False,True,30.556,,False,24,0,1,0,True,26543b754ceb00d2243dddadcce032441c3d5b5f762fa438b4b4abc01ef5a624,aba5987295c6bf8fd2e008fb639743d64fb6b0cf07b56834a4f615876ad812db,False,False,False,True,let,False
verina_advanced_33,advanced,longestIncreasingSubsequence,1,"[{""param_name"": ""nums"", ""param_type"": ""List Int""}]",Nat,True,True,False,True,6.892,,False,19,0,1,0,True,a3fc7d59603fd9719beb216567acad4647e8a22e8eaa2b0c803ca1c1849ec6a6,aba5987295c6bf8fd2e008fb639743d64fb6b0cf07b56834a4f615876ad812db,False,False,False,True,let,False
verina_advanced_34,advanced,longestIncreasingSubsequence,1,"[{""param_name"": ""nums"", ""param_type"": ""List Int""}]",Int,True,True,False,True,7.688,,False,11,12,1,0,True,6aa264058e65b43b72055082433d5669b38371fdcc573606de4c1f4b77f0ff91,aba5987295c6bf8fd2e008fb639743d64fb6b0cf07b56834a4f615876ad812db,False,False,True,False,Id.run,False
verina_advanced_35,advanced,majorityElement,1,"[{""param_name"": ""nums"", ""param_type"": ""List Int""}]",Int,True,True,False,True,1.404,,False,9,0,1,0,False,fc8168f686f814ddaa01b20a1017e001dfaa38a9d617e3b9b79d416deb1bcbf3,aba5987295c6bf8fd2e008fb639743d64fb6b0cf07b56834a4f615876ad812db,False,False,True,False,Id.run,False
verina_advanced_36,advanced,majorityElement,1,"[{""param_name"": ""xs"", ""param_type"": ""List Nat""}]",Nat,True,True,False,True,1.211,,False,25,0,1,0,False,b80aa92915d11314acf264a10cfd05b0e4109408aeb70b8741a517bd3369d1fb,aba5987295c6bf8fd2e008fb639743d64fb6b0cf07b56834a4f615876ad812db,False,False,False,True,let,False
verina_advanced_37,advanced,majorityElement,1,"[{""param_name"": ""nums"", ""param_type"": ""List Int""}]",Int,True,True,False,True,1.205,,False,23,0,1,0,False,28e9dd63380c96ea44027fd528709d95eea6739a80cdc0447df8aae7fab2e0bf,aba5987295c6bf8fd2e008fb639743d64fb6b0cf07b56834a4f615876ad812db,False,False,False,True,let,False
verina_advanced_38,advanced,maxCoverageAfterRemovingOne,1,"[{""param_name"": ""intervals"", ""param_type"": ""List (Prod Nat Nat)""}]",Nat,True,True,False,True,1.185,,False,14,0,1,0,False,689c99c07eb989726491ad95dde13750624bc9eeb6c9667c39c11265f172ae27,aba5987295c6bf8fd2e008fb639743d64fb6b0cf07b56834a4f615876ad812db,False,False,False,False,let,False
verina_advanced_39,advanced,maxOfList,1,"[{""param_name"": ""lst"", ""param_type"": ""List Nat""}]",Nat,True,True,False,True,1.213,,False,8,0,1,0,False,616aa56896f335c830e73a60098246dfb183787af641d4106f5827b123c5a362,aba5987295c6bf8fd2e008fb639743d64fb6b0cf07b56834a4f615876ad812db,False,False,False,True,let,False
verina_advanced_40,advanced,maxOfList,1,"[{""param_name"": ""lst"", ""param_type"": ""List Nat""}]",Nat,True,True,False,True,1.125,,False,8,0,1,0,False,b74a83f0076006e58827d19676687e65affecca4e8f263fa767be72dce141015,aba5987295c6bf8fd2e008fb639743d64fb6b0cf07b56834a4f615876ad812db,False,False,False,True,let,False
verina_advanced_41,advanced,maxOfThree,3,"[{""param_name"": ""a"", ""param_type"": ""Int""}, {""param_name"": ""b"", ""param_type"": ""Int""}, {""param_name"": ""c"", ""param_type"": ""Int""}]",Int,True,True,False,True,1.097,,False,3,0,1,0,True,29128d6527435b82d1289774bfcd553408b4defe3af053982c1b9111688cb50a,aba5987295c6bf8fd2e008fb639743d64fb6b0cf07b56834a4f615876ad812db,False,False,False,False,if,False
verina_advanced_42,advanced,maxProfit,1,"[{""param_name"": ""prices"", ""param_type"": ""List Nat""}]",Nat,True,True,False,True,1.225,,False,3,11,1,0,True,26a6658b65191774cb04ba48f2b16203927b8f9a904faa738c61cdc84403c158,aba5987295c6bf8fd2e008fb639743d64fb6b0cf07b56834a4f615876ad812db,False,False,False,False,match,False
verina_advanced_43,advanced,maxStrength,1,"[{""param_name"": ""nums"", ""param_type"": ""List Int""}]",Int,True,True,False,True,30.783,,False,14,0,1,0,False,5c7dcb352e93f0204b74c831dd65df144972103668928cc33864ea38a6dfd260,aba5987295c6bf8fd2e008fb639743d64fb6b0cf07b56834a4f615876ad812db,False,False,False,False,let,False
verina_advanced_44,advanced,maxSubarraySumDivisibleByK,2,"[{""param_name"": ""arr"", ""param_type"": ""Array Int""}, {""param_name"": ""k"", ""param_type"": ""Int""}]",Int,True,True,False,True,1.236,,False,22,0,1,0,False,4260b0da6869748b1d9ce6aa1b1b64de458aab29e0c78974d0ed0a2bd13c1a11,aba5987295c6bf8fd2e008fb639743d64fb6b0cf07b56834a4f615876ad812db,False,False,True,False,let,False
verina_advanced_45,advanced,maxSubarraySum,1,"[{""param_name"": ""xs"", ""param_type"": ""List Int""}]",Int,True,True,False,True,1.026,,False,10,0,1,0,True,f5eb42c2d9b4ccbd6861b9e1fc981cad9b5282afb536e66e51c614978541bc59,aba5987295c6bf8fd2e008fb639743d64fb6b0cf07b56834a4f615876ad812db,False,False,False,True,let,False
verina_advanced_46,advanced,maxSubarraySum,1,"[{""param_name"": ""numbers"", ""param_type"": ""List Int""}]",Int,True,True,False,True,1.129,,False,24,0,1,0,True,e165e648b443f13c79e73ed2ca118c2c469b20f7c00dcc986d4e4232f3b51f65,aba5987295c6bf8fd2e008fb639743d64fb6b0cf07b56834a4f615876ad812db,False,False,False,True,let,False
verina_advanced_47,advanced,mergeIntervals,1,"[{""param_name"": ""intervals"", ""param_type"": ""List (Prod Int Int)""}]",List (Prod Int Int),True,True,False,True,1.096,,False,19,0,1,0,False,ebf8be79b062171aa4b31790f94b0079551520672b6987ccc02c4c18bf68cde3,aba5987295c6bf8fd2e008fb639743d64fb6b0cf07b56834a4f615876ad812db,False,False,False,True,--,False
verina_advanced_48,advanced,mergeSort,1,"[{""param_name"": ""list"", ""param_type"": ""List Int""}]",List Int,True,True,False,True,1.119,,False,17,0,1,0,True,8dad6358bba8bbbbe612e0e6184f963d8a75eee7147aa933f38a5a989063bbe3,aba5987295c6bf8fd2e008fb639743d64fb6b0cf07b56834a4f615876ad812db,True,False,False,True,--,False
verina_advanced_49,advanced,mergeSortedLists,2,"[{""param_name"": ""arr1"", ""param_type"": ""List Int""}, {""param_name"": ""arr2"", ""param_type"": ""List Int""}]",List Int,True,True,False,True,1.303,,False,10,0,1,0,False,25b45637259451c8cd746651a07c322d3d96c328172671a9b699acf847017032,aba5987295c6bf8fd2e008fb639743d64fb6b0cf07b56834a4f615876ad812db,False,False,False,True,let,False
verina_advanced_50,advanced,mergeSorted,2,"[{""param_name"": ""a1"", ""param_type"": ""Array Nat""}, {""param_name"": ""a2"", ""param_type"": ""Array Nat""}]",Array Nat,True,True,False,True,1.446,,False,4,15,1,0,False,644c64864cde2fc193389d1d1a6d01ccceaab44dbba7b3d2064edc80ef3ba3b6,aba5987295c6bf8fd2e008fb639743d64fb6b0cf07b56834a4f615876ad812db,False,False,False,False,let,False
verina_advanced_51,advanced,mergeSorted,2,"[{""param_name"": ""a"", ""param_type"": ""List Int""}, {""param_name"": ""b"", ""param_type"": ""List Int""}]",List Int,True,True,False,True,1.357,,False,2,10,1,0,False,843663c63149aa83c8013095d43e09824b15a5835b6dd79fc36c5e74fa2d3a2e,aba5987295c6bf8fd2e008fb639743d64fb6b0cf07b56834a4f615876ad812db,False,False,False,False,let,False
verina_advanced_52,advanced,minOperations,2,"[{""param_name"": ""nums"", ""param_type"": ""List Nat""}, {""param_name"": ""k"", ""param_type"": ""Nat""}]",Nat,True,True,False,True,1.117,,False,16,0,1,0,False,065ae21f0ef5e0b77e6bbc9f799b0917574fee1b5c5afe7036ee086a6531484c,aba5987295c6bf8fd2e008fb639743d64fb6b0cf07b56834a4f615876ad812db,False,False,False,True,--,False
verina_advanced_53,advanced,minimumRightShifts,1,"[{""param_name"": ""nums"", ""param_type"": ""List Int""}]",Int,True,True,False,True,1.174,,False,21,0,1,0,False,50ee6dd174e25e9b89ee8901e9f2dcfad02d77ee40d956e81aa7d5b7a717e38c,aba5987295c6bf8fd2e008fb639743d64fb6b0cf07b56834a4f615876ad812db,True,False,False,True,let,False
verina_advanced_54,advanced,missingNumber,1,"[{""param_name"": ""nums"", ""param_type"": ""List Nat""}]",Nat,True,True,False,True,1.003,,False,4,0,1,0,False,565732aed6b41539a7cac457b99a596262ff96dec71fbc9ef1ec5dd6dc84abcf,aba5987295c6bf8fd2e008fb639743d64fb6b0cf07b56834a4f615876ad812db,False,False,False,False,let,False
verina_advanced_55,advanced,mostFrequent,1,"[{""param_name"": ""xs"", ""param_type"": ""List Int""}]",Int,True,True,False,False,1.138,unknown_constant_or_identifier,False,4,19,1,0,False,8047de1a7682dcbc85460d47df568ea257eb0c0bae509d2f22638240ae47f1bc,aba5987295c6bf8fd2e008fb639743d64fb6b0cf07b56834a4f615876ad812db,False,False,False,False,let,False
verina_advanced_56,advanced,moveZeroes,1,"[{""param_name"": ""xs"", ""param_type"": ""List Int""}]",List Int,True,True,False,True,1.058,,False,3,0,1,0,True,80714562674237874796b53c1bd918c90b27f934975edd95b2071c0234e5b4e5,aba5987295c6bf8fd2e008fb639743d64fb6b0cf07b56834a4f615876ad812db,False,False,False,False,let,False
verina_advanced_57,advanced,nextGreaterElement,2,"[{""param_name"": ""nums1"", ""param_type"": ""List Int""}, {""param_name"": ""nums2"", ""param_type"": ""List Int""}]",List Int,True,True,False,True,1.353,,False,38,0,1,0,False,2169443f93df3b7b2589ea9fc39adb4bbe6088f2237f051373fab4a60a9a0b9d,aba5987295c6bf8fd2e008fb639743d64fb6b0cf07b56834a4f615876ad812db,True,False,False,True,let,False
verina_advanced_58,advanced,nthUglyNumber,1,"[{""param_name"": ""n"", ""param_type"": ""Nat""}]",Nat,True,True,False,True,1.126,,False,7,9,1,0,False,4cc03b4122ae03585008eabc50147308bd033c119d960f7f515bf33328279a5f,aba5987295c6bf8fd2e008fb639743d64fb6b0cf07b56834a4f615876ad812db,False,False,False,True,let,False
verina_advanced_59,advanced,palindromeIgnoreNonAlnum,1,"[{""param_name"": ""s"", ""param_type"": ""String""}]",Bool,True,True,False,True,1.198,,False,14,0,1,0,True,d8ed1b8085d1e3cabd71af7b26c6cf1920ba86980f29c06db23428ed782b488e,aba5987295c6bf8fd2e008fb639743d64fb6b0cf07b56834a4f615876ad812db,False,False,False,True,let,False
verina_advanced_60,advanced,partitionEvensOdds,1,"[{""param_name"": ""nums"", ""param_type"": ""List Nat""}]",(List Nat × List Nat),True,True,False,True,0.943,,False,8,0,1,0,True,740c795a8c3017136017f0f9f97791125b96d1e5f44d345f63595bf04422e27c,aba5987295c6bf8fd2e008fb639743d64fb6b0cf07b56834a4f615876ad812db,False,False,False,True,let,False
verina_advanced_61,advanced,productExceptSelf,1,"[{""param_name"": ""nums"", ""param_type"": ""List Int""}]",List Int,True,True,False,True,0.957,,False,6,5,1,0,True,8b896161dc33edf1a14787f78fe7cc0eb9927845a02a9db054ddfb10f622cb4b,aba5987295c6bf8fd2e008fb639743d64fb6b0cf07b56834a4f615876ad812db,False,False,False,False,let,False
verina_advanced_62,advanced,rain,1,"[{""param_name"": ""heights"", ""param_type"": ""List (Int)""}]",Int,True,True,False,True,1.655,,False,15,0,1,0,False,25a832c2f115059ce11dcd01fff65b8f7f076dd4e7ce0c2dbd50df4ff9fafed9,aba5987295c6bf8fd2e008fb639743d64fb6b0cf07b56834a4f615876ad812db,True,False,False,True,--,False
verina_advanced_63,advanced,removeDuplicates,1,"[{""param_name"": ""nums"", ""param_type"": ""List Int""}]",Nat,True,True,False,True,0.909,,False,18,0,1,0,False,a0c6d40d228553129b2fe23ee77ae736d3e9a80f31b794a2bed77fcba4123771,aba5987295c6bf8fd2e008fb639743d64fb6b0cf07b56834a4f615876ad812db,False,False,False,True,match,False
verina_advanced_64,advanced,removeElement,2,"[{""param_name"": ""lst"", ""param_type"": ""List Nat""}, {""param_name"": ""target"", ""param_type"": ""Nat""}]",List Nat,True,True,False,True,0.926,,False,7,0,1,0,True,b30f6f5f092233164fe56d68fd6bf8b0d4eabc2b2509b405c4a308345fcf4b53,871df16531be52eb4e62ac18634f3b8efb37b0c5a537ef3c81c8e2d6c43b82c2,False,False,False,True,let,False
verina_advanced_65,advanced,reverseString,1,"[{""param_name"": ""s"", ""param_type"": ""String""}]",String,True,True,False,True,0.915,,False,5,0,1,0,True,9a50d40b8dd2d9348f28c584f5670a314a022bcdf3fe40e8ebf6f75498c2f773,aba5987295c6bf8fd2e008fb639743d64fb6b0cf07b56834a4f615876ad812db,False,False,False,True,let,False
verina_advanced_66,advanced,reverseWords,1,"[{""param_name"": ""words_str"", ""param_type"": ""String""}]",String,True,True,False,True,0.944,,False,19,0,1,0,True,8d04a51c9d9cd0f0bbea05553a6291c24ef7077d758b302d005751de769b1555,aba5987295c6bf8fd2e008fb639743d64fb6b0cf07b56834a4f615876ad812db,False,False,False,True,let,False
verina_advanced_67,advanced,runLengthEncode,1,"[{""param_name"": ""s"", ""param_type"": ""String""}]",List (Char × Nat),True,True,False,True,1.046,,False,15,0,1,0,True,cb3af1571cd4fe5a8a7351ce06627bb5f1d6a5805e44177ba031cfb7938b66ed,aba5987295c6bf8fd2e008fb639743d64fb6b0cf07b56834a4f615876ad812db,False,False,False,True,let,False
verina_advanced_68,advanced,runLengthEncoder,1,"[{""param_name"": ""input"", ""param_type"": ""String""}]",String,True,True,False,True,1.285,,False,30,0,1,0,False,242e478ffbb838ab80e14bf8857f91736163732d4ddd19eebd1d416f8368d358,aba5987295c6bf8fd2e008fb639743d64fb6b0cf07b56834a4f615876ad812db,False,False,False,True,--,False
verina_advanced_69,advanced,searchInsert,2,"[{""param_name"": ""xs"", ""param_type"": ""List Int""}, {""param_name"": ""target"", ""param_type"": ""Int""}]",Nat,True,True,False,True,0.947,,False,23,0,1,0,False,4f41b529f4673e10255b26685a8b36fd2e2fc485490f20c698df30d2f0b8ec04,aba5987295c6bf8fd2e008fb639743d64fb6b0cf07b56834a4f615876ad812db,False,False,False,True,match,False
verina_advanced_70,advanced,semiOrderedPermutation,1,"[{""param_name"": ""nums"", ""param_type"": ""List Int""}]",Int,True,True,False,True,1.003,,False,15,0,1,0,False,686574e8a68bedab21fbf16fc5d9c19285ee97486bb9a2e9f4835acfd459308f,aba5987295c6bf8fd2e008fb639743d64fb6b0cf07b56834a4f615876ad812db,False,False,False,False,let,False
verina_advanced_71,advanced,shortestBeautifulSubstring,2,"[{""param_name"": ""s"", ""param_type"": ""String""}, {""param_name"": ""k"", ""param_type"": ""Nat""}]",String,True,True,False,True,1.065,,False,11,9,1,0,False,6f1480d29376a0414ca8603ffa2d9b3fea89c82a401d8ad0f3a22fc342e3057e,aba5987295c6bf8fd2e008fb639743d64fb6b0cf07b56834a4f615876ad812db,False,False,False,False,let,False
verina_advanced_72,advanced,singleDigitPrimeFactor,1,"[{""param_name"": ""n"", ""param_type"": ""Nat""}]",Nat,True,True,False,True,1.055,,False,6,0,1,0,True,e0563bc17c780adced024f4e033259a05dd73876e0993169d48b01664df09d28,aba5987295c6bf8fd2e008fb639743d64fb6b0cf07b56834a4f615876ad812db,False,False,False,False,if,False
verina_advanced_73,advanced,smallestMissing,1,"[{""param_name"": ""l"", ""param_type"": ""List Nat""}]",Nat,True,True,False,True,0.941,,False,16,0,1,0,False,1740b5517dbc626824eed9a6df6f144490c8d7fa5bd570ad00e604532ed159a1,aba5987295c6bf8fd2e008fb639743d64fb6b0cf07b56834a4f615876ad812db,False,False,False,True,let,False
verina_advanced_74,advanced,solution,1,"[{""param_name"": ""nums"", ""param_type"": ""List Nat""}]",Nat,True,True,False,False,1.078,unknown_constant_or_identifier,False,13,0,1,0,False,eeb38d9df2a1574003bf1fbf2ce8d0c9736f490cc2dfcc1862e9e171a8613c6e,aba5987295c6bf8fd2e008fb639743d64fb6b0cf07b56834a4f615876ad812db,False,False,False,False,let,False
verina_advanced_75,advanced,task_code,1,"[{""param_name"": ""sequence"", ""param_type"": ""List Int""}]",Int,True,True,False,True,0.964,,False,11,0,1,0,False,2af596527380e575b881b694ae451e86261e95e57ad33d54f67eb800a0d7ebd8,aba5987295c6bf8fd2e008fb639743d64fb6b0cf07b56834a4f615876ad812db,False,False,False,False,match,False
verina_advanced_76,advanced,topKFrequent,2,"[{""param_name"": ""nums"", ""param_type"": ""List Int""}, {""param_name"": ""k"", ""param_type"": ""Nat""}]",List Int,True,True,False,True,1.002,,False,19,0,1,0,False,6534fb2fe62211c32b4a9b5121e09d0805a63d2a880103460adccfcd823b9ac0,aba5987295c6bf8fd2e008fb639743d64fb6b0cf07b56834a4f615876ad812db,False,False,False,True,--,False
verina_advanced_77,advanced,trapRainWater,1,"[{""param_name"": ""height"", ""param_type"": ""List Nat""}]",Nat,True,True,False,True,1.225,,False,1,15,1,0,True,5bad9258719b35b234c53c8b0b2eab3654dd9f3d121cdd415d2ee2bdf11aed0f,aba5987295c6bf8fd2e008fb639743d64fb6b0cf07b56834a4f615876ad812db,False,False,False,False,trapLoop,False
verina_advanced_78,advanced,twoSum,2,"[{""param_name"": ""nums"", ""param_type"": ""List Int""}, {""param_name"": ""target"", ""param_type"": ""Int""}]",Prod Nat Nat,True,True,False,True,0.978,,False,1,13,1,0,False,aff852be8a856362fa13f386c57c16d5973c8c0ae5298e0e80ffe9302b7e63df,aba5987295c6bf8fd2e008fb639743d64fb6b0cf07b56834a4f615876ad812db,False,False,False,False,twoSumAux,False
verina_advanced_79,advanced,twoSum,2,"[{""param_name"": ""nums"", ""param_type"": ""List Int""}, {""param_name"": ""target"", ""param_type"": ""Int""}]",Option (Nat × Nat),True,True,False,True,1.062,,False,22,0,1,0,True,daf1d5180cfbf2b539a1f5c98e74858b744aa9c9e5558d472f94481621f8ab8b,aba5987295c6bf8fd2e008fb639743d64fb6b0cf07b56834a4f615876ad812db,False,False,False,True,let,False
verina_advanced_80,advanced,twoSum,2,"[{""param_name"": ""nums"", ""param_type"": ""Array Int""}, {""param_name"": ""target"", ""param_type"": ""Int""}]",Array Nat,True,True,False,True,0.989,,False,14,0,1,0,False,359de903c75bcfa113883e10d0faad0f23d9e71bce3aa2e2b8ea251c10f64db2,aba5987295c6bf8fd2e008fb639743d64fb6b0cf07b56834a4f615876ad812db,False,False,False,True,let,False
verina_advanced_81,advanced,uniqueSorted,1,"[{""param_name"": ""arr"", ""param_type"": ""List Int""}]",List Int,True,True,False,True,0.931,,False,29,0,1,0,True,43929fba7620a42919ef00c3aaa6ddd38ac4fcfcb6894e9876297e7e63fc3880,aba5987295c6bf8fd2e008fb639743d64fb6b0cf07b56834a4f615876ad812db,False,False,False,True,let,False
verina_basic_1,basic,hasOppositeSign,2,"[{""param_name"": ""a"", ""param_type"": ""Int""}, {""param_name"": ""b"", ""param_type"": ""Int""}]",Bool,True,False,True,True,27.479,,True,1,0,15,0,True,43e0a7d0f50b6844ce2ecb2d157e44c1ddca1b1d778219cb4401c97c796e07d2,4cc53b16da1f3c3f504647e8ccd8d3d6e1806c4acdd6de83c1552ec203cd6e2d,False,False,False,False,a,False
verina_basic_2,basic,findSmallest,1,"[{""param_name"": ""s"", ""param_type"": ""Array Nat""}]",Option Nat,True,False,True,True,0.961,,True,1,0,10,0,True,de1f0fd8f52c96e55dcabd9297ed3efc3c6f1a0c08b501c1250c09ea0b248bb6,87a9d46c0253d20c36fac3540f978af6921da0a9140218a5bfba06b20186ba91,False,False,False,False,s.toList.min?,False
verina_basic_3,basic,isDivisibleBy11,1,"[{""param_name"": ""n"", ""param_type"": ""Int""}]",Bool,True,False,True,True,27.277,,True,1,0,9,0,True,2f01b2a2c66c6b65fb25ac619f4002a4b7ba13ae770c8c7faffc8784d450d630,e3b4b70ad41ad4d95f0b49210caf5240324bc8fe7fe2e93b1ac0eb9052e12d90,False,False,False,False,n,False
verina_basic_4,basic,kthElement,2,"[{""param_name"": ""arr"", ""param_type"": ""Array Int""}, {""param_name"": ""k"", ""param_type"": ""Nat""}]",Int,True,False,True,True,1.187,,True,1,0,9,0,False,a0b811e952a5dfd311651dcb92835e384cac1d72c3a8ee62d6b017b5847e2e6a,9015dc93c2a7f9c0a46da0bbf3bf0a9a7af80bd4dd1d738202cace4eceed3135,False,False,False,False,arr[k,False
verina_basic_5,basic,multiply,2,"[{""param_name"": ""a"", ""param_type"": ""Int""}, {""param_name"": ""b"", ""param_type"": ""Int""}]",Int,True,False,True,True,0.901,,True,1,0,2,0,True,fb0e1b99e5101d2e21739f877c4c112fe60644ed1f3f3d4687b975e1527cff42,1f1e1d178ed69ff2cf2011f3b12452d5e94b32f0ab5414f983adfb99375bda6e,False,False,False,False,a,False
verina_basic_6,basic,minOfThree,3,"[{""param_name"": ""a"", ""param_type"": ""Int""}, {""param_name"": ""b"", ""param_type"": ""Int""}, {""param_name"": ""c"", ""param_type"": ""Int""}]",Int,True,False,True,True,27.875,,True,3,0,37,0,True,9da95e2e35cc3731ffceb30e0af09791534c0e36e1651f399906215b247ecfaa,f5e345eda33dc41ac54b46013767babc5edf641aa72d5b07c9a4e9c5a4e24f94,False,False,False,False,if,False
verina_basic_7,basic,sumOfSquaresOfFirstNOddNumbers,1,"[{""param_name"": ""n"", ""param_type"": ""Nat""}]",Nat,True,True,False,True,1.085,,False,6,0,1,0,True,6611e1110c76b43bfb14deb5dd25163b4b31f6b32c0c1e8b890be27b24451c04,aba5987295c6bf8fd2e008fb639743d64fb6b0cf07b56834a4f615876ad812db,False,False,False,True,let,False
verina_basic_8,basic,myMin,2,"[{""param_name"": ""a"", ""param_type"": ""Int""}, {""param_name"": ""b"", ""param_type"": ""Int""}]",Int,True,False,True,True,0.968,,True,1,0,11,0,True,9ea5f34068afa9e380bc3377f48eb3fe98217f15035d181f98b5d77bc020361e,7ad2ae3dae289ae6f6eea98bac4689679d43ee5cdae259c501b5bcf2b7ea6215,False,False,False,False,if,False
verina_basic_9,basic,hasCommonElement,2,"[{""param_name"": ""a"", ""param_type"": ""Array Int""}, {""param_name"": ""b"", ""param_type"": ""Array Int""}]",Bool,True,False,True,True,1.407,,True,1,0,27,0,False,6870d476c024923bd6776fc4376286ee6c9f95794315befd284275dfe5248ea0,8000cecc97b4369f6a4148f57a8b3d48cee1dc3ab7b011b9c5cc4d9823b91aec,False,False,False,False,a.any,False
verina_basic_10,basic,isGreater,2,"[{""param_name"": ""n"", ""param_type"": ""Int""}, {""param_name"": ""a"", ""param_type"": ""Array Int""}]",Bool,True,False,True,True,0.932,,True,1,0,2,0,False,6b685531fd1dac53ef004523d208959ca04309d5100dc7b60307820548ead3d0,7d3515d14e95933a588ef7f0e7a666f9404b24c5bc119ca34414f057f296b48c,False,False,False,False,a.all,False
verina_basic_11,basic,lastDigit,1,"[{""param_name"": ""n"", ""param_type"": ""Nat""}]",Nat,True,False,True,True,0.967,,True,1,0,6,0,True,971b5573012e5ab51016af84f8536d8b6668130cc30f066c18f90e67fdbd4ce3,aeba8a798b6026c867ea840ff86b66bae5a6ed6c0d62c06bec8bc1e13147f6e6,False,False,False,False,n,False
verina_basic_12,basic,cubeSurfaceArea,1,"[{""param_name"": ""size"", ""param_type"": ""Nat""}]",Nat,True,False,True,True,0.925,,True,1,0,2,0,True,35aa279200d65ed096def6c82bb7a725efca6faffdd9afab3f82ec84271da3ca,5775ba4a5c9d5d2b0b7c70b5a14fe470328837a291e1ccbb7734c318ea78b664,False,False,False,False,6,False
verina_basic_13,basic,cubeElements,1,"[{""param_name"": ""a"", ""param_type"": ""Array Int""}]",Array Int,True,False,True,True,1.48,,True,1,0,20,0,True,af894eff89370af68f9d84119f04d12450404afdfde79f9c0dcd0205721fbb15,dd2d5c281fe7d638b715a52de1908845611a7cc0afe57644562dbf6b1d011911,False,False,False,False,a.map,False
verina_basic_14,basic,containsZ,1,"[{""param_name"": ""s"", ""param_type"": ""String""}]",Bool,True,False,True,True,0.946,,True,1,0,2,0,True,8b422f0f0718a6d5587cf0f1b04c62ad78afdfafab0eb53a3521396f6b627702,9cdd52239334607844541834efdea5aa3300d3495ea7a2a69edcb3a32921709b,False,False,False,False,s.toList.any,False
verina_basic_15,basic,containsConsecutiveNumbers,1,"[{""param_name"": ""a"", ""param_type"": ""Array Int""}]",Bool,True,False,True,True,28.176,,True,6,0,31,0,True,2deae86e6b7418297451c43b8dff245af3365f070f05b7bd291ad4134cb28676,6bf0a86ec82ea6e8377a3bf477a9205f2d0b08ded7541aa7690a1b85776cc078,False,False,False,False,if,False
verina_basic_16,basic,replaceChars,3,"[{""param_name"": ""s"", ""param_type"": ""String""}, {""param_name"": ""oldChar"", ""param_type"": ""Char""}, {""param_name"": ""newChar"", ""param_type"": ""Char""}]",String,True,False,True,True,0.987,,True,3,0,6,0,True,b617df09ea729337ebf8e2c37037f8dcef0cab483a5f530ea5d8095de53c8ddd,5117e5f68763180469566bdde2de20e3b678d0825ecb721bf48b7e18f13af71f,False,False,False,False,let,False
verina_basic_17,basic,toLowercase,1,"[{""param_name"": ""s"", ""param_type"": ""String""}]",String,True,False,True,True,1.157,,True,3,0,11,0,True,d839440679889d5d1a206f994624fb1b175593e8717bd61149063e998717c0e7,96703100998013e4e52bc8672c90539a6b5d7d141c75154b019125dc1375650a,False,False,False,False,let,False
verina_basic_18,basic,sumOfDigits,1,"[{""param_name"": ""n"", ""param_type"": ""Nat""}]",Nat,True,True,False,True,1.053,,False,4,0,1,0,True,a9344c5f58f11c751bdab71af42ca18f9f950c110190dd1bf628c328c9ffb32a,aba5987295c6bf8fd2e008fb639743d64fb6b0cf07b56834a4f615876ad812db,False,False,False,True,let,False
verina_basic_19,basic,isSorted,1,"[{""param_name"": ""a"", ""param_type"": ""Array Int""}]",Bool,True,False,True,True,1.799,,True,8,0,13,0,True,890e396572931572379a4916358552c8802fcd336e917f8d08c7409f5f58e815,7e7337b807814e1c41eb9f0cc285edf267213caf55d6ee0829c2c463b3a5cdcc,False,False,False,False,if,False
verina_basic_20,basic,uniqueProduct,1,"[{""param_name"": ""arr"", ""param_type"": ""Array Int""}]",Int,True,True,False,True,1.582,,False,10,0,1,0,True,8136fc3eb378cab542519cd9f3779b5f298e8236ae2f678b778531cce71a68a8,aba5987295c6bf8fd2e008fb639743d64fb6b0cf07b56834a4f615876ad812db,False,False,False,True,let,False
verina_basic_21,basic,isSublist,2,"[{""param_name"": ""sub"", ""param_type"": ""List Int""}, {""param_name"": ""main"", ""param_type"": ""List Int""}]",Bool,True,True,False,True,1.047,,False,16,0,1,0,True,4d17e3cf047cf016d4c24ad56131ad6fb0b611ebcd25935082b3100e0ec1ef40,aba5987295c6bf8fd2e008fb639743d64fb6b0cf07b56834a4f615876ad812db,True,False,False,True,let,False
verina_basic_22,basic,dissimilarElements,2,"[{""param_name"": ""a"", ""param_type"": ""Array Int""}, {""param_name"": ""b"", ""param_type"": ""Array Int""}]",Array Int,True,True,False,False,0.928,unknown_constant_or_identifier,False,3,0,1,0,True,504d0e7ebb3741ba83fe00dba2451d7804bf8d7da1d9b3725f1afca837844f5b,aba5987295c6bf8fd2e008fb639743d64fb6b0cf07b56834a4f615876ad812db,False,False,False,False,let,False
verina_basic_23,basic,differenceMinMax,1,"[{""param_name"": ""a"", ""param_type"": ""Array Int""}]",Int,True,True,False,True,1.737,,False,9,0,1,0,False,5e4c5cce31e16b3c0417fc8f70b44bd661ca5b094f60cebafaff4ea7cc0d4008,aba5987295c6bf8fd2e008fb639743d64fb6b0cf07b56834a4f615876ad812db,False,False,False,True,let,False
verina_basic_24,basic,firstEvenOddDifference,1,"[{""param_name"": ""a"", ""param_type"": ""Array Int""}]",Int,True,True,False,True,1.705,,False,11,0,1,0,False,3855bee1ede3417b7cab656b5cd07c9862ac4262c86754dfd0f08be4ae06e17b,aba5987295c6bf8fd2e008fb639743d64fb6b0cf07b56834a4f615876ad812db,False,False,False,True,let,False
verina_basic_25,basic,sumAndAverage,1,"[{""param_name"": ""n"", ""param_type"": ""Nat""}]",Int × Float,True,True,False,True,0.96,,False,5,0,1,0,False,b681f9e92434d7db6cc077ee5e2bc96fccc2349fa1de8641df0804bb112beef0,aba5987295c6bf8fd2e008fb639743d64fb6b0cf07b56834a4f615876ad812db,False,False,False,False,if,True
verina_basic_26,basic,isEven,1,"[{""param_name"": ""n"", ""param_type"": ""Int""}]",Bool,True,False,True,True,0.91,,True,1,0,2,0,True,1dfac8fc64ec9866708463e5c2fa04cd6ff7a2d289a66d5f60ad1be927ad1d32,35b7cdc9001d65f142712b22142a276e0a87a0f6a25b6a166fa943811d165400,False,False,False,False,n,False
verina_basic_27,basic,findFirstRepeatedChar,1,"[{""param_name"": ""s"", ""param_type"": ""String""}]",Option Char,True,True,False,True,1.289,,False,11,0,1,0,True,e14383abbe2f43d2753a8b44469d4247fd6dfc8b867ba36d15bc167b109f123d,aba5987295c6bf8fd2e008fb639743d64fb6b0cf07b56834a4f615876ad812db,False,False,False,True,let,False
verina_basic_28,basic,isPrime,1,"[{""param_name"": ""n"", ""param_type"": ""Nat""}]",Bool,True,True,False,True,1.214,,False,7,0,1,0,False,783757562a4622068b9c224e4a96a99e9a4aa9fe3b763c75109158a6e5e4bc21,aba5987295c6bf8fd2e008fb639743d64fb6b0cf07b56834a4f615876ad812db,False,False,False,True,let,False
verina_basic_29,basic,removeElement,2,"[{""param_name"": ""s"", ""param_type"": ""Array Int""}, {""param_name"": ""k"", ""param_type"": ""Nat""}]",Array Int,True,False,True,True,1.201,,True,1,0,20,0,False,d4b6d14357337581402ef29d9ca4ebe36d5d5319a18b8b62a11cbc809dfc4cd7,5b28a0d354f8e4ba3677b3c3b64c7f4293c676bb38129c945a71b67de2182365,False,False,False,False,s.eraseIdx!,False
verina_basic_30,basic,elementWiseModulo,2,"[{""param_name"": ""a"", ""param_type"": ""Array Int""}, {""param_name"": ""b"", ""param_type"": ""Array Int""}]",Array Int,True,False,True,True,2.684,,True,1,0,21,0,False,2e2d8aa1e266c27a1ef94836fbbb4918016eab012e43c8a142424a7e1a246363,546a0c3a5010d8e23ee7ab19a85f70aee2311bddca0f8c8904eb728fd239f21b,False,False,False,False,a.mapIdx,False
verina_basic_31,basic,toUppercase,1,"[{""param_name"": ""s"", ""param_type"": ""String""}]",String,True,False,True,True,1.153,,True,3,0,11,0,True,c4341f237f8f941c6786c44f57c9c9fee3fb8554b50e20646e64e459505e6100,98d532adcb8d3fff9b6f6cda25971f85faa6d2afa64443be2b814396eeedfa40,False,False,False,False,let,False
verina_basic_32,basic,swapFirstAndLast,1,"[{""param_name"": ""a"", ""param_type"": ""Array Int""}]",Array Int,True,False,True,True,26.803,,True,3,0,28,0,False,60bf1e74bb237e594df243782059688123c0aef193feb089cc11f06da64bc8b8,a75d3e1a11dec11b8a638bcecf8eb379bd51a37b23d9a94a37fb04c640d57f39,False,False,False,False,let,False
verina_basic_33,basic,smallestMissingNumber,1,"[{""param_name"": ""s"", ""param_type"": ""List Nat""}]",Nat,True,True,False,True,0.95,,False,8,0,1,0,False,1ef2dc262094114d379da34624fbcec8a0371ba31284aaf0e2ea36cf9be640b7,aba5987295c6bf8fd2e008fb639743d64fb6b0cf07b56834a4f615876ad812db,False,False,False,True,let,False
verina_basic_34,basic,findEvenNumbers,1,"[{""param_name"": ""arr"", ""param_type"": ""Array Int""}]",Array Int,True,True,False,True,1.015,,False,1,0,1,0,True,e54eb64d8a402f0515ae6712ad2e8ffef12cc666a5441d82573f2c28e427e639,aba5987295c6bf8fd2e008fb639743d64fb6b0cf07b56834a4f615876ad812db,False,False,False,False,arr.foldl,False
verina_basic_35,basic,MoveZeroesToEnd,1,"[{""param_name"": ""arr"", ""param_type"": ""Array Int""}]",Array Int,True,True,False,True,0.905,,False,3,0,1,0,True,dd892fa21884bc2e5d7f01a644c86b986b0ae75eb1d1fc1d3f877854b3d30ce1,aba5987295c6bf8fd2e008fb639743d64fb6b0cf07b56834a4f615876ad812db,False,False,False,False,let,False
verina_basic_36,basic,replaceWithColon,1,"[{""param_name"": ""s"", ""param_type"": ""String""}]",String,True,False,True,True,1.05,,True,3,0,11,0,True,98c548169d33beadb4e778cf11d243bea9371eb3e69d19b4713a14a195f5ede4,37368631be332ce81fdd9d8be1007e5e79f8dc55169ce2fc4e6bdc4638064b62,False,False,False,False,let,False
verina_basic_37,basic,findFirstOccurrence,2,"[{""param_name"": ""arr"", ""param_type"": ""Array Int""}, {""param_name"": ""target"", ""param_type"": ""Int""}]",Int,True,True,False,True,1.217,,False,8,0,1,0,False,665b5316e991e1f01ddfb147fedd9c08d58725269bcc3afd4cb88bc1f8f75d63,aba5987295c6bf8fd2e008fb639743d64fb6b0cf07b56834a4f615876ad812db,False,False,False,True,let,False
verina_basic_38,basic,allCharactersSame,1,"[{""param_name"": ""s"", ""param_type"": ""String""}]",Bool,True,True,False,True,0.937,,False,3,0,1,0,True,a8e239b410f1a3682adcd1e31807fd947b23881645d3602781a60d48738cf53a,aba5987295c6bf8fd2e008fb639743d64fb6b0cf07b56834a4f615876ad812db,False,False,False,False,match,False
verina_basic_39,basic,rotateRight,2,"[{""param_name"": ""l"", ""param_type"": ""List Int""}, {""param_name"": ""n"", ""param_type"": ""Nat""}]",List Int,True,True,False,True,0.94,,False,8,0,1,0,True,e1971ef4180087ef161b3b6d7d4350640adbb3ab9a48ff1725bb4605ec3f33ec,aba5987295c6bf8fd2e008fb639743d64fb6b0cf07b56834a4f615876ad812db,False,False,False,False,let,False
verina_basic_40,basic,secondSmallest,1,"[{""param_name"": ""s"", ""param_type"": ""Array Int""}]",Int,True,True,False,True,1.502,,False,1,25,1,0,False,c0c79f6a790f59679ed46f55050e102a8b21420dd7ab4bea69047f640ef243c8,aba5987295c6bf8fd2e008fb639743d64fb6b0cf07b56834a4f615876ad812db,False,False,False,False,secondSmallestAux,False
verina_basic_41,basic,hasOnlyOneDistinctElement,1,"[{""param_name"": ""a"", ""param_type"": ""Array Int""}]",Bool,True,True,False,True,1.263,,False,10,0,1,0,False,d0ba5b1020e004e171e9eebe27ffa6647bf3d0489b48e9c11da651607a819f58,aba5987295c6bf8fd2e008fb639743d64fb6b0cf07b56834a4f615876ad812db,False,False,False,True,if,False
verina_basic_42,basic,countDigits,1,"[{""param_name"": ""s"", ""param_type"": ""String""}]",Nat,True,False,True,True,0.97,,True,1,0,2,0,True,b3d6f5ca1418b1e4938883c8d0977c43b060642c3f8f37bf193d4b4106177533,3b4b09ef4d0c2e2891cacae2a4ac25b7bcace5694ab6aec3b46dfd25caa6b950,False,False,False,False,List.length,False
verina_basic_43,basic,sumOfFourthPowerOfOddNumbers,1,"[{""param_name"": ""n"", ""param_type"": ""Nat""}]",Nat,True,True,False,True,0.98,,False,6,0,1,0,True,b54451f494c09d3a85ae45e6a7262537d408557716166926828bd3ec36bcc193,aba5987295c6bf8fd2e008fb639743d64fb6b0cf07b56834a4f615876ad812db,False,False,False,False,match,False
verina_basic_44,basic,isOddAtIndexOdd,1,"[{""param_name"": ""a"", ""param_type"": ""Array Int""}]",Bool,True,False,True,True,1.177,,True,2,0,24,0,True,b634f5b11952ba51154d2741573dfccbcc7db296db150aa12b4e0bc95fb39554,58297dba6f847b0d10b987946aceecd76e5d531c48c51739425079f4d882b5b8,False,False,False,False,--,False
verina_basic_45,basic,findProduct,1,"[{""param_name"": ""lst"", ""param_type"": ""List Int""}]",Int,True,False,True,True,1.065,,True,3,0,12,0,False,43f980abe9bbf7fc3b240fd3b0dd1e82e3b0dad1b0cb970238ae4eca100fbf92,a3f0d2e0f29b439fde3c0334443720817d7d65b8939422a6b06cc515a7fb00e3,False,False,False,False,match,False
verina_basic_46,basic,lastPosition,2,"[{""param_name"": ""arr"", ""param_type"": ""Array Int""}, {""param_name"": ""elem"", ""param_type"": ""Int""}]",Int,True,True,False,True,1.468,,False,7,0,1,0,False,49e86cf39f56a9d3a50ede4de348863a5efc2e226bae5b7e02f39e101fb10048,aba5987295c6bf8fd2e008fb639743d64fb6b0cf07b56834a4f615876ad812db,False,False,False,True,let,False
verina_basic_47,basic,arraySum,1,"[{""param_name"": ""a"", ""param_type"": ""Array Int""}]",Int,True,False,True,True,1.538,,True,1,0,36,2,False,2d73a34abc3ab4e996364dd14aab6f790d0d3bbdcfd425a7635d8d94b43e9256,1c14c3991deacd42387e36a3e21243f6b529f05473600628801ee386b97503e4,False,False,False,False,a.toList.sum,False
verina_basic_48,basic,isPerfectSquare,1,"[{""param_name"": ""n"", ""param_type"": ""Nat""}]",Bool,True,False,True,True,25.848,,True,10,0,29,54,True,a11b133217d9eda6d5995001ed1c4d21a1974ac8422b298b0d85e82d237dfc94,4a9c158e1e954f6a11346bf6a786168846b3d0fd76778784cc7302b69d41ae35,False,False,False,True,if,False
verina_basic_49,basic,findFirstOdd,1,"[{""param_name"": ""a"", ""param_type"": ""Array Int""}]",Option Nat,True,False,True,True,2.344,,True,3,0,58,0,False,c0614a7c313b63d461dcb8e59b78ab6773c067458467a94dac29432c840ab659,7237d543b1f18f1e03e986c85aab62e42f43615cbcc72481be2803509c958fce,False,False,False,False,--,False
verina_basic_50,basic,Abs,1,"[{""param_name"": ""x"", ""param_type"": ""Int""}]",Int,True,False,True,True,22.941,,True,1,0,15,0,True,1a867d2013983f276725cbff7e3a04fa5cefff023278f35f334438cab93ba545,0c43572ae615aba693c0b554151ddd8286c84283ce8bb4601b2a9e885a44a235,False,False,False,False,if,False
verina_basic_51,basic,BinarySearch,2,"[{""param_name"": ""a"", ""param_type"": ""Array Int""}, {""param_name"": ""key"", ""param_type"": ""Int""}]",Nat,True,True,False,True,1.514,,False,1,7,1,0,False,22af60f336eeffb0274928952b143422f3e1e89d2da20833192243e528c04a4b,aba5987295c6bf8fd2e008fb639743d64fb6b0cf07b56834a4f615876ad812db,False,False,False,False,binarySearchLoop,False
verina_basic_52,basic,BubbleSort,1,"[{""param_name"": ""a"", ""param_type"": ""Array Int""}]",Array Int,True,True,False,True,1.594,,False,1,16,1,0,True,38175dd9f11c9c442afbfae4479f1aed9d583c3a1d0013f2d25c2a139ebeebf9,aba5987295c6bf8fd2e008fb639743d64fb6b0cf07b56834a4f615876ad812db,False,False,False,False,if,False
verina_basic_53,basic,CalSum,1,"[{""param_name"": ""N"", ""param_type"": ""Nat""}]",Nat,True,False,True,True,1.037,,True,4,0,14,0,True,8629636823e90e34e49787b78dc43064c079ba65a26de8b6a9acaf20b0f0f5c4,78b61aa5fe54ab892a107a49049de103d55292087e026307563fb71a17c7ea95,False,False,False,True,let,False
verina_basic_54,basic,CanyonSearch,2,"[{""param_name"": ""a"", ""param_type"": ""Array Int""}, {""param_name"": ""b"", ""param_type"": ""Array Int""}]",Nat,True,True,False,True,1.283,,False,4,11,1,0,False,8469b17786710a119cb4af2393c71fdcb20e4f9442d75227e9c0cd5e4f083379,aba5987295c6bf8fd2e008fb639743d64fb6b0cf07b56834a4f615876ad812db,False,False,False,False,let,False
verina_basic_55,basic,Compare,2,"[{""param_name"": ""a"", ""param_type"": ""Int""}, {""param_name"": ""b"", ""param_type"": ""Int""}]",Bool,True,False,True,True,0.91,,True,1,0,2,0,True,16171a90eebbe81b63af4c319ac6166daccb7f4f8788cb9f1ce378382e72c512,e8a03b3b16b0a9ce8abd48e76a55d76dbc78d21677c33373ccd66a2653a19e0f,False,False,False,False,if,False
verina_basic_56,basic,copy,5,"[{""param_name"": ""src"", ""param_type"": ""Array Int""}, {""param_name"": ""sStart"", ""param_type"": ""Nat""}, {""param_name"": ""dest"", ""param_type"": ""Array Int""}, {""param_name"": ""dStart"", ""param_type"": ""Nat""}, {""param_name"": ""len"", ""param_type"": ""Nat""}]",Array Int,True,True,False,True,0.918,,False,4,5,1,0,False,597f03235cd9d293c256953d8356ec8464fc2e5ea26d82dbecd234d3e63c1168,aba5987295c6bf8fd2e008fb639743d64fb6b0cf07b56834a4f615876ad812db,False,False,False,False,if,False
verina_basic_57,basic,CountLessThan,2,"[{""param_name"": ""numbers"", ""param_type"": ""Array Int""}, {""param_name"": ""threshold"", ""param_type"": ""Int""}]",Nat,True,True,False,True,1.415,,False,1,8,1,0,True,c7b4e2a6fae0792b7691bbd1c453d815e2ef880ace03795c39dbf8838625907a,aba5987295c6bf8fd2e008fb639743d64fb6b0cf07b56834a4f615876ad812db,False,False,False,False,countLessThan,False
verina_basic_58,basic,double_array_elements,1,"[{""param_name"": ""s"", ""param_type"": ""Array Int""}]",Array Int,True,True,False,True,1.32,,False,1,6,1,0,True,ab44a8d21dc1ad68d151e89bd8a1b19992164ca810d1366369d9218a16f5c199,aba5987295c6bf8fd2e008fb639743d64fb6b0cf07b56834a4f615876ad812db,False,False,False,False,double_array_elements_aux,False
verina_basic_59,basic,DoubleQuadruple,1,"[{""param_name"": ""x"", ""param_type"": ""Int""}]",(Int × Int),True,True,False,True,0.91,,False,3,0,1,0,True,92aaa4d259c67625406f056da6f929a6ac3231366f2353189b87f378030d398b,aba5987295c6bf8fd2e008fb639743d64fb6b0cf07b56834a4f615876ad812db,False,False,False,False,let,False
verina_basic_60,basic,FindEvenNumbers,1,"[{""param_name"": ""arr"", ""param_type"": ""Array Int""}]",Array Int,True,True,False,True,1.521,,False,9,0,1,0,True,56a75b24eb73be984411b5e6f1acd735db7c71340230ed71db43af3f175b00eb,aba5987295c6bf8fd2e008fb639743d64fb6b0cf07b56834a4f615876ad812db,False,False,False,True,let,False
verina_basic_61,basic,allDigits,1,"[{""param_name"": ""s"", ""param_type"": ""String""}]",Bool,True,True,False,True,0.972,,False,9,0,1,0,True,77dd7ea81302dc13640c0667566877a581db3aea984255996a4f596dd5ff9c94,aba5987295c6bf8fd2e008fb639743d64fb6b0cf07b56834a4f615876ad812db,False,False,False,True,let,False
verina_basic_62,basic,Find,2,"[{""param_name"": ""a"", ""param_type"": ""Array Int""}, {""param_name"": ""key"", ""param_type"": ""Int""}]",Int,True,True,False,True,1.169,,False,6,0,1,0,True,3483d279bc9ac401147a84714abcc82e6b2789eb767964c058f59ddba25ced57,aba5987295c6bf8fd2e008fb639743d64fb6b0cf07b56834a4f615876ad812db,False,False,False,True,let,False
verina_basic_63,basic,has_close_elements,2,"[{""param_name"": ""numbers"", ""param_type"": ""List Float""}, {""param_name"": ""threshold"", ""param_type"": ""Float""}]",Bool,True,True,False,True,1.505,,False,15,0,1,0,False,67c6c33b0d22ac72aad3a67bd49ff1c6185440bb83a1b9b6e06146fbeaed672a,aba5987295c6bf8fd2e008fb639743d64fb6b0cf07b56834a4f615876ad812db,False,False,False,True,let,True
verina_basic_64,basic,insert,5,"[{""param_name"": ""oline"", ""param_type"": ""Array Char""}, {""param_name"": ""l"", ""param_type"": ""Nat""}, {""param_name"": ""nl"", ""param_type"": ""Array Char""}, {""param_name"": ""p"", ""param_type"": ""Nat""}, {""param_name"": ""atPos"", ""param_type"": ""Nat""}]",Array Char,True,True,False,True,0.989,,False,17,0,1,0,False,fc85a6028eeef365c66fb33e7f9c17fb5d7db5c78d7f8ef3ce727692b0d84883,aba5987295c6bf8fd2e008fb639743d64fb6b0cf07b56834a4f615876ad812db,False,False,False,False,let,False
verina_basic_65,basic,SquareRoot,1,"[{""param_name"": ""N"", ""param_type"": ""Nat""}]",Nat,True,True,False,True,0.885,,False,8,0,1,0,True,38141b257f909dd9ce9f7f88895518a4cb77f0956b2de86300f651f94e40cdef,aba5987295c6bf8fd2e008fb639743d64fb6b0cf07b56834a4f615876ad812db,False,False,False,True,let,False
verina_basic_66,basic,ComputeIsEven,1,"[{""param_name"": ""x"", ""param_type"": ""Int""}]",Bool,True,False,True,True,21.003,,True,1,0,3,0,True,9300d16b9957b06554011b12d8985caa114c512f6eac35f42f2319056238a3b4,738b44058f5a36560a1133007b0475769ed1a63f455c6241725130c1061e5ac4,False,False,False,False,if,False
verina_basic_67,basic,IsPalindrome,1,"[{""param_name"": ""x"", ""param_type"": ""List Char""}]",Bool,True,True,False,True,1.175,,False,1,7,1,0,True,7f112bac3d60476416fffe19380348bf97a27332d9a5441649f30c41fbe8aef3,aba5987295c6bf8fd2e008fb639743d64fb6b0cf07b56834a4f615876ad812db,False,False,False,False,if,False
verina_basic_68,basic,LinearSearch,2,"[{""param_name"": ""a"", ""param_type"": ""Array Int""}, {""param_name"": ""e"", ""param_type"": ""Int""}]",Nat,True,False,True,True,25.031,,True,6,0,162,0,True,ed2ef8f276ee2125f13348cccc8e37fb356bd4d382bb4ffffb4f62ebc13372b4,ddf8116f270f794889d6cbb165db0698c471baee68002fca2c17360e4570c343,False,False,False,True,let,False
verina_basic_69,basic,LinearSearch,2,"[{""param_name"": ""a"", ""param_type"": ""Array Int""}, {""param_name"": ""e"", ""param_type"": ""Int""}]",Nat,True,True,False,True,1.11,,False,1,5,1,0,False,7f5d744a1f32010fcd1bcaa05d15820d26e40ec89fa09b7bb90297760a971221,aba5987295c6bf8fd2e008fb639743d64fb6b0cf07b56834a4f615876ad812db,False,False,False,False,linearSearchAux,False
verina_basic_70,basic,LinearSearch3,2,"[{""param_name"": ""a"", ""param_type"": ""Array Int""}, {""param_name"": ""P"", ""param_type"": ""Int -> Bool""}]",Nat,True,True,False,True,1.195,,False,6,0,1,0,False,db21c9e0f945a7e0cee255496680d65112ced346bcc1bc40c5abc9a5b08cc79f,aba5987295c6bf8fd2e008fb639743d64fb6b0cf07b56834a4f615876ad812db,False,False,False,True,let,False
verina_basic_71,basic,LongestCommonPrefix,2,"[{""param_name"": ""str1"", ""param_type"": ""List Char""}, {""param_name"": ""str2"", ""param_type"": ""List Char""}]",List Char,True,True,False,True,1.428,,False,10,0,1,0,True,ff28360aa5af0987bbfc1ac345f5802b0908bdf517a5349510a70437d358ad1b,aba5987295c6bf8fd2e008fb639743d64fb6b0cf07b56834a4f615876ad812db,False,False,False,True,let,False
verina_basic_72,basic,append,2,"[{""param_name"": ""a"", ""param_type"": ""Array Int""}, {""param_name"": ""b"", ""param_type"": ""Int""}]",Array Int,True,True,False,True,1.352,,False,3,5,1,0,True,37a311e7a7a67f350fc89a781688fa3b889bf0f3476adc6b6d4da5a6c252f28c,aba5987295c6bf8fd2e008fb639743d64fb6b0cf07b56834a4f615876ad812db,False,False,False,False,let,False
verina_basic_73,basic,Match,2,"[{""param_name"": ""s"", ""param_type"": ""String""}, {""param_name"": ""p"", ""param_type"": ""String""}]",Bool,True,True,False,True,1.225,,False,8,0,1,0,False,45fa1c4eacc329c47931f9eac9383eb5cf7e8baf2692301bdd469f4535522db0,aba5987295c6bf8fd2e008fb639743d64fb6b0cf07b56834a4f615876ad812db,False,False,False,True,let,False
verina_basic_74,basic,maxArray,1,"[{""param_name"": ""a"", ""param_type"": ""Array Int""}]",Int,True,True,False,True,1.395,,False,1,6,1,0,False,1978aca6f048af3b8e8755ee646dfeb53fe8bc42e7472ecd430ec72e3e15aa0c,aba5987295c6bf8fd2e008fb639743d64fb6b0cf07b56834a4f615876ad812db,False,False,False,False,maxArray_aux,False
verina_basic_75,basic,minArray,1,"[{""param_name"": ""a"", ""param_type"": ""Array Int""}]",Int,True,True,False,True,1.382,,False,1,6,1,0,False,fffd3ac40f2cb01700a5c3354770cde8deeba2f9b169900e06dc07c82f75bae6,aba5987295c6bf8fd2e008fb639743d64fb6b0cf07b56834a4f615876ad812db,False,False,False,False,loop,False
verina_basic_76,basic,myMin,2,"[{""param_name"": ""x"", ""param_type"": ""Int""}, {""param_name"": ""y"", ""param_type"": ""Int""}]",Int,True,False,True,True,1.002,,True,1,0,10,0,True,d9901d31ec443cc0361ca053ba855756bcebd3f7b2721795ecbe1c0af761407d,ad8f0fab293b2f133dded5a6c7ce64bfe5c910305aac960e8b485dd5834a96c0,False,False,False,False,if,False
verina_basic_77,basic,modify_array_element,4,"[{""param_name"": ""arr"", ""param_type"": ""Array (Array Nat)""}, {""param_name"": ""index1"", ""param_type"": ""Nat""}, {""param_name"": ""index2"", ""param_type"": ""Nat""}, {""param_name"": ""val"", ""param_type"": ""Nat""}]",Array (Array Nat),True,True,False,True,0.903,,False,3,2,1,0,False,080d9f62ec5f44681a2d6e76a3b0018cce3fea202b38871a0c08b90256c02eb5,aba5987295c6bf8fd2e008fb639743d64fb6b0cf07b56834a4f615876ad812db,False,False,False,False,let,False
verina_basic_78,basic,MultipleReturns,2,"[{""param_name"": ""x"", ""param_type"": ""Int""}, {""param_name"": ""y"", ""param_type"": ""Int""}]",(Int × Int),True,False,True,True,0.868,,True,3,0,2,0,True,1023c80e4b2fff27002508b81c3d6b5ac10976a798683e4c6ffd59d089cbc2d9,b5da5cb0d8956bdb5ee634b4c2dfdb41abb0f7a3d8898ea4897c01a2b7efc5dd,False,False,False,False,let,False
verina_basic_79,basic,onlineMax,2,"[{""param_name"": ""a"", ""param_type"": ""Array Int""}, {""param_name"": ""x"", ""param_type"": ""Nat""}]",Int × Nat,True,True,False,True,1.662,,False,4,9,1,0,False,8c6022d54224709f9d371d50f2e3cc91e0340171bd1f959d34ca3c8ee9587558,aba5987295c6bf8fd2e008fb639743d64fb6b0cf07b56834a4f615876ad812db,False,False,False,False,let,False
verina_basic_80,basic,only_once,2,"[{""param_name"": ""a"", ""param_type"": ""Array Int""}, {""param_name"": ""key"", ""param_type"": ""Int""}]",Bool,True,True,False,True,1.354,,False,1,9,1,0,True,15ebf1ba947124e3c08018e49c44a1e053ca4afa5375f0e914198b88c439f5f0,aba5987295c6bf8fd2e008fb639743d64fb6b0cf07b56834a4f615876ad812db,False,False,False,False,only_once_loop,False
verina_basic_81,basic,DivisionFunction,2,"[{""param_name"": ""x"", ""param_type"": ""Nat""}, {""param_name"": ""y"", ""param_type"": ""Nat""}]",Int × Int,True,False,True,True,20.202,,True,1,4,59,0,True,716dfc85a331316a49df1cf098ae3f7e753e8b4f1cd0927243c0ec663a3c5362,0369a11fac2fd4d20eeffe78e779da518dfca4f240d8b625c9b2d5b18d0aabe1,False,False,False,False,if,False
verina_basic_82,basic,remove_front,1,"[{""param_name"": ""a"", ""param_type"": ""Array Int""}]",Array Int,True,True,False,True,1.308,,False,5,5,1,0,False,5b0f97534952693427d718fe2835684542cace047ccc8a36ed155f74aadc1677,aba5987295c6bf8fd2e008fb639743d64fb6b0cf07b56834a4f615876ad812db,False,False,False,False,if,False
verina_basic_83,basic,concat,2,"[{""param_name"": ""a"", ""param_type"": ""Array Int""}, {""param_name"": ""b"", ""param_type"": ""Array Int""}]",Array Int,True,True,False,True,1.359,,False,8,0,1,0,True,d290571a2c033afa84341ef0301c0d6f5124b6d1a404413b5921bb0db4ca8ee1,aba5987295c6bf8fd2e008fb639743d64fb6b0cf07b56834a4f615876ad812db,False,False,False,True,let,False
verina_basic_84,basic,replace,2,"[{""param_name"": ""arr"", ""param_type"": ""Array Int""}, {""param_name"": ""k"", ""param_type"": ""Int""}]",Array Int,True,True,False,True,1.508,,False,1,9,1,0,True,f4507e1b69e496d8306d65def856ff407bba14fb0ccb3a9475572324393ec877,aba5987295c6bf8fd2e008fb639743d64fb6b0cf07b56834a4f615876ad812db,False,False,False,False,replace_loop,False
verina_basic_85,basic,reverse,1,"[{""param_name"": ""a"", ""param_type"": ""Array Int""}]",Array Int,True,True,False,True,1.665,,False,1,9,1,0,True,34a99f23b2592e2b709479ad8a37d1292929d7907e5f5de6297455afaf32460a,aba5987295c6bf8fd2e008fb639743d64fb6b0cf07b56834a4f615876ad812db,False,False,False,False,reverse_core,False
verina_basic_86,basic,rotate,2,"[{""param_name"": ""a"", ""param_type"": ""Array Int""}, {""param_name"": ""offset"", ""param_type"": ""Int""}]",Array Int,True,True,False,True,1.42,,False,4,8,1,0,False,2c1c3c89cfaf4fed2dc15ed74a80a2b652d6d48c4de163b15af5495c8de574c3,aba5987295c6bf8fd2e008fb639743d64fb6b0cf07b56834a4f615876ad812db,False,False,False,False,let,False
verina_basic_87,basic,SelectionSort,1,"[{""param_name"": ""a"", ""param_type"": ""Array Int""}]",Array Int,True,True,False,True,0.89,,False,5,12,1,0,True,61d906fae10a211f4d6974d7023e979f7fee83c05582bf38208a4d1d96d972d3,aba5987295c6bf8fd2e008fb639743d64fb6b0cf07b56834a4f615876ad812db,False,False,False,False,let,False
verina_basic_88,basic,ToArray,1,"[{""param_name"": ""xs"", ""param_type"": ""List Int""}]",Array Int,True,True,False,True,0.866,,False,1,0,1,0,True,420ad8c684fe2237154ef98a8242f5acee41c78a8b8fd7921720bb26ddcd05bb,aba5987295c6bf8fd2e008fb639743d64fb6b0cf07b56834a4f615876ad812db,False,False,False,False,xs.toArray,False
verina_basic_89,basic,SetToSeq,1,"[{""param_name"": ""s"", ""param_type"": ""List Int""}]",List Int,True,True,False,True,0.861,,False,1,0,1,0,True,47870c3fb4ec9a5f32ede6fa85ca7c7acacb85922c3457bcde083b88a077dc4c,aba5987295c6bf8fd2e008fb639743d64fb6b0cf07b56834a4f615876ad812db,False,False,False,False,s.foldl,False
verina_basic_90,basic,SlopeSearch,2,"[{""param_name"": ""a"", ""param_type"": ""Array (Array Int)""}, {""param_name"": ""key"", ""param_type"": ""Int""}]",(Int × Int),True,True,False,True,1.538,,False,11,0,1,0,False,ce3855686a9a563858afb7262cc61e86c2ebafef225c81be04f0243a371305e6,aba5987295c6bf8fd2e008fb639743d64fb6b0cf07b56834a4f615876ad812db,False,False,False,True,let,False
verina_basic_91,basic,Swap,2,"[{""param_name"": ""X"", ""param_type"": ""Int""}, {""param_name"": ""Y"", ""param_type"": ""Int""}]",Int × Int,True,False,True,True,0.903,,True,6,0,3,0,True,590c7e16696da262a23fc9280a6e4bbb0efa987345d34f6ae93bdb47eb9f202b,11a241da7a71c347f0308869f8f07dd088dfbdb373127ef4c276d0407546286b,False,False,False,False,let,False
verina_basic_92,basic,SwapArithmetic,2,"[{""param_name"": ""X"", ""param_type"": ""Int""}, {""param_name"": ""Y"", ""param_type"": ""Int""}]",(Int × Int),True,False,True,True,0.907,,True,6,0,5,0,True,2d5bc935d9de928d0013158e0d0639b4bb7d52bf8a4cec71039bc75cd7c71344,e9d957e120f9a0f9106f46b361d201dac71e6707aa6eb989f96a8702cfcd86f7,False,False,False,False,let,False
verina_basic_93,basic,SwapBitvectors,2,"[{""param_name"": ""X"", ""param_type"": ""UInt8""}, {""param_name"": ""Y"", ""param_type"": ""UInt8""}]",UInt8 × UInt8,True,True,False,True,0.85,,False,4,0,1,0,True,590c7e16696da262a23fc9280a6e4bbb0efa987345d34f6ae93bdb47eb9f202b,aba5987295c6bf8fd2e008fb639743d64fb6b0cf07b56834a4f615876ad812db,False,False,False,False,let,False
verina_basic_94,basic,iter_copy,1,"[{""param_name"": ""s"", ""param_type"": ""Array Int""}]",Array Int,True,True,False,True,1.276,,False,8,0,1,0,True,29182a5ec66075744942ee924dae0db92928bbdd19ce0185148f00d353a1d868,aba5987295c6bf8fd2e008fb639743d64fb6b0cf07b56834a4f615876ad812db,False,False,False,True,let,False
verina_basic_95,basic,swap,3,"[{""param_name"": ""arr"", ""param_type"": ""Array Int""}, {""param_name"": ""i"", ""param_type"": ""Int""}, {""param_name"": ""j"", ""param_type"": ""Int""}]",Array Int,True,False,True,True,1.977,,True,5,0,121,0,False,f400ff69912907b911497ff88ee1ffa9a022ee97696ae7f99f2abe826f9368db,21f04f749c0ba4d00c372384e7aa0bb582649967581fc327af3b35af84685dc1,False,False,False,False,let,False
verina_basic_96,basic,SwapSimultaneous,2,"[{""param_name"": ""X"", ""param_type"": ""Int""}, {""param_name"": ""Y"", ""param_type"": ""Int""}]",Int × Int,True,False,True,True,0.891,,True,1,0,3,0,True,2d5bc935d9de928d0013158e0d0639b4bb7d52bf8a4cec71039bc75cd7c71344,e8b0e366e4b2fa4e3a34c65c2414c53f30c5bebaf330b3724de172a1807cf7d1,False,False,False,False,"(Y,",False
verina_basic_97,basic,TestArrayElements,2,"[{""param_name"": ""a"", ""param_type"": ""Array Int""}, {""param_name"": ""j"", ""param_type"": ""Nat""}]",Array Int,True,False,True,True,0.958,,True,1,0,24,0,False,86342cdca20933506b809c908e8d05c1000625921d59749b3f4240025f6e2c40,6a15a3eee4643d452e205e161eca9ce2eed53b77249c5486c8368cf0e1d84636,False,False,False,False,a.set!,False
verina_basic_98,basic,Triple,1,"[{""param_name"": ""x"", ""param_type"": ""Int""}]",Int,True,False,True,True,0.84,,True,1,0,2,0,True,8ea4c3de66341ef9c4cf3858383ca0ba1bd09ec82562a4f2c725938ed517ce4c,9cefbf5d49b8e7912377419600898a46c75ad4baee3c947e10c57bf0800893a5,False,False,False,False,x,False
verina_basic_99,basic,Triple,1,"[{""param_name"": ""x"", ""param_type"": ""Int""}]",Int,True,False,True,True,18.105,,True,7,0,14,0,True,8ea4c3de66341ef9c4cf3858383ca0ba1bd09ec82562a4f2c725938ed517ce4c,2572871e989024d02382816ae1e567ec1cc9198e8c597ccde123cb1b5d979b13,False,False,False,False,if,False
verina_basic_100,basic,Triple,1,"[{""param_name"": ""x"", ""param_type"": ""Int""}]",Int,True,False,True,True,17.73,,True,3,0,8,0,True,8ea4c3de66341ef9c4cf3858383ca0ba1bd09ec82562a4f2c725938ed517ce4c,a188e1cecea258ef5cc8649df0654c3917fd422f5d225a19b681b3380fed84d0,False,False,False,False,if,False
verina_basic_101,basic,Triple,1,"[{""param_name"": ""x"", ""param_type"": ""Int""}]",Int,True,False,True,True,0.945,,True,2,0,5,0,True,8ea4c3de66341ef9c4cf3858383ca0ba1bd09ec82562a4f2c725938ed517ce4c,cd10127c64f63a8b0871c8c9b3d9046b70446efa02f2fe089d464f5d2b51b471,False,False,False,False,let,False
verina_basic_102,basic,twoSum,2,"[{""param_name"": ""nums"", ""param_type"": ""Array Int""}, {""param_name"": ""target"", ""param_type"": ""Int""}]",(Nat × Nat),True,True,False,True,1.54,,False,19,0,1,0,False,8fca13b315447a8340e2a9a81e5f28489fd031ebbdce409bf635d33308e6b7b4,aba5987295c6bf8fd2e008fb639743d64fb6b0cf07b56834a4f615876ad812db,False,False,False,True,let,False
verina_basic_103,basic,UpdateElements,1,"[{""param_name"": ""a"", ""param_type"": ""Array Int""}]",Array Int,True,True,False,True,0.915,,False,3,0,1,0,False,fc06369b2d6c1e569033434250449483b913c3e49eb090d8223b4cfe99fd94b1,aba5987295c6bf8fd2e008fb639743d64fb6b0cf07b56834a4f615876ad812db,False,False,False,False,let,False
verina_basic_104,basic,update_map,2,"[{""param_name"": ""m1"", ""param_type"": ""Map Int Int""}, {""param_name"": ""m2"", ""param_type"": ""Map Int Int""}]",Map Int Int,True,True,False,True,1.051,,False,4,0,1,0,False,b2646ec51c46472c4004bbb7abc820d9148a42f4debf7bed056313d84a8eae90,aba5987295c6bf8fd2e008fb639743d64fb6b0cf07b56834a4f615876ad812db,False,False,False,False,let,False
verina_basic_105,basic,arrayProduct,2,"[{""param_name"": ""a"", ""param_type"": ""Array Int""}, {""param_name"": ""b"", ""param_type"": ""Array Int""}]",Array Int,True,True,False,True,1.437,,False,3,8,1,0,False,fa13a85911f2261f30fdc162d26d43e66bc2b5316c4266c95e78e65b1894872f,aba5987295c6bf8fd2e008fb639743d64fb6b0cf07b56834a4f615876ad812db,False,False,False,False,let,False
verina_basic_106,basic,arraySum,2,"[{""param_name"": ""a"", ""param_type"": ""Array Int""}, {""param_name"": ""b"", ""param_type"": ""Array Int""}]",Array Int,True,True,False,True,1.328,,False,11,0,1,0,False,3356f8ce5fb52516f712f97acb12fa9e0fd5432d7b6a888673a323e5e1317d76,aba5987295c6bf8fd2e008fb639743d64fb6b0cf07b56834a4f615876ad812db,False,False,False,True,if,False
verina_basic_107,basic,ComputeAvg,2,"[{""param_name"": ""a"", ""param_type"": ""Int""}, {""param_name"": ""b"", ""param_type"": ""Int""}]",Int,True,True,False,True,0.828,,False,1,0,1,0,True,e5a8892336d64101467f8c1dd6c6b5d219714824a5f73823f1ab8e0581c2c269,aba5987295c6bf8fd2e008fb639743d64fb6b0cf07b56834a4f615876ad812db,False,False,False,False,(a,False
verina_basic_108,basic,below_zero,1,"[{""param_name"": ""operations"", ""param_type"": ""List Int""}]",(Array Int × Bool),True,True,False,True,0.94,,False,7,7,1,0,True,2a757f8fc58d87c922bdd8340d5beeb1114c76c546929bd424c5c7a8038d1138,aba5987295c6bf8fd2e008fb639743d64fb6b0cf07b56834a4f615876ad812db,False,False,False,True,let,False
